ds,model,score
128,resnet18,0.8032320737838745
256,resnet18,0.9017066955566406
512,resnet18,0.9457005858421326
