,ds,model,score
0,128,resnet18,0.7972095608711243
1,256,resnet18,0.9009354710578918
2,512,resnet18,0.9410772323608398
3,128,unfrozen,0.9226771593093872
4,256,unfrozen,0.9232701063156128
5,512,unfrozen,0.9262171983718872
