ds,model,score
128,resnet18,0.8032320737838745
256,resnet18,0.9017066955566406
512,resnet18,0.9457005858421326
128,mnist_tiny,0.925048828125
256,mnist_tiny,0.9254847764968872
512,mnist_tiny,0.9221540093421936
128,mnist_512,0.9405517578125
256,mnist_512,0.9392787218093872
512,mnist_512,0.9417899250984192
128,scratch,0.7912946343421936
256,scratch,0.9261299967765808
512,scratch,0.9441266655921936
